-310006602028199120,True
645215251596065846,False
7396039001029781984,True
-8774723916523199258,True
5656500805770788909,True
-1637234180215127119,False
-5743637672572045942,False
-7357481043176657403,True
-2886848091251481849,False
-444816394496153569,False
-7054181273070126134,True
2851161020639450987,True
-4706088428250683463,True
4595370083549174315,False
7871874639369109826,False
6406976979082627896,False
6597357170607760792,True
5532403253076728879,True
-6762311651309405527,True
-266452692820590221,True
-340944144922448899,False
-5487286560168571326,False
8268477155605089012,True
-4968768588123215745,True
3537866919421261656,False
3349595720409819984,False
2768462729394892115,True
-1473538022997495157,True
6753192203436999030,True
-8566900056252329107,False
-9032299832910411851,True
-4449873458263597747,True
-8161413493591137163,True
-6753575811967129391,True
8288515127619610436,True
-2252468618002992684,False
8853517594706221722,False
3561521440433874322,True
6650193712079037075,True
-4544056442816401653,False
541918385353553261,True
7096407997737714293,True
-3006040850029798640,True
8198943347755120249,True
1279072601176015152,True
4796444778144753487,False
4169188525324162031,False
-5619050154593162641,True
-4716957780355106241,False
9186927068078281198,True
-7785326334342253942,True
-6644495742919216084,True
2717356323984964839,True
-5801270451968061572,False
-5322120130914622657,False
5698045679237786322,True
-2160886525195472923,True
4752632023600738988,False
8782163598603155639,False
8330222089299237337,True
-2453797860692336049,True
6886369113988940017,False
1335070065609381951,True
-328105839025493950,True
-4423472830237883296,True
-2747098515545956771,True
-8036125022274280441,True
-3281904150802435647,False
-406069169106055782,True
-2954953889245545155,False
10704518597764220,True
1715956498439678350,True
-7075675953391239341,True
-7218159147244635358,False
-5977171627235432060,True
941112140953114741,True
-7649649242311872796,True
-3246659704855765178,False
1811746836482661609,True
-1883573758406001923,True
6483214451537676768,False
-7619313169770950854,True
-1540109233386824073,True
-4734920793996010054,True
-2050666039205550603,False
-4102075119629109595,True
-4738782438877995671,False
2777102904361617669,False
4002129334649517486,True
-1575330762948746581,False
7963371807596878285,False
-3946953533124613111,True
7457577340733672381,False
-1433075912689049115,False
-895005134848497695,True
-5761828419623811781,True
-39153790258028710,True
-6284309121317275620,False
995088337789275938,False
4273649195016500893,True
-4900735182808704984,True
-2757530110205619496,False
6324245467617117340,True
7106131518482106767,True
8498261199568503108,False
-6705341932616628046,False
6061514685388604127,False
-9143935080146937358,False
-1861010322162216341,False
-4305109312012109702,False
2310765893123426318,False
7874263933701138363,True
2359957392023775746,True
-3204135554969635256,False
172966815278967576,True
1374567507018405771,True
1755101952855952635,False
-6386519128912407666,True
4554898244878022229,True
6958774357187232011,True
5379106006515203505,True
2397142707075417957,False
3523129921721115582,True
-6828900956031529460,True
1014918874939246694,False
-6193142692628123308,True
-3328996474073294412,True
1844430571940412925,True
2224103385542568987,False
2522839831971492978,True
-3693138355759545480,True
7574345417665600279,True
-5460301465080768025,True
7171907737854528931,True
-8401808783558861257,True
-8071324219043431939,True
-495520473675772637,True
-8582421781571829894,True
-8499521180835461798,False
2998783174674552743,True
8691815912535759208,True
2766468535201821026,False
5438667260454600582,True
-5195017798817976839,True
-4267788895673555957,True
3762306273154936547,False
-4681990796637644559,True
2985455432626818581,False
-2439129194957969284,False
4520925790582862793,True
3444124143917125061,True
3601180706560778620,False
-7035101751785765487,False
6860313822855193894,False
4003554003395173222,True
-3553991780507498976,False
-6394783401087005177,True
4818305817858257218,True
4015199948997397458,False
2429736885597153150,True
-119564722363198309,False
2018418876338472565,True
-6789298081109788160,False
-3680072249593384535,True
647817913120122610,True
1475465726047573131,False
-2582734821949589949,False
1230436888441623207,True
-4708083542108872700,True
-7412513076600032017,True
-3740167223484402908,False
-8199805734932931528,True
-4298251639997956483,False
-9216145950521870669,False
-8774606927967807437,False
-7606649398696942912,True
-4584873559750972394,False
1506541050228793249,True
8301338011618157448,True
-5332061317492247018,True
8035495851797581107,True
6137406275591901084,True
7172375928066685351,True
7679617745549897776,True
-3859747791640602728,False
-8299526499709324650,True
-7706953237576720962,True
-7597384751562427907,False
-6801639056639464090,True
-8222576860220445767,True
7158905380972908201,True
6518442528654141652,True
-476047962356475285,True
1197515738977575935,True
8359141220946273990,False
-9195566841595896155,False
7764576441593453672,False
1056707894281364317,True
-5204060737031419441,False
-439865989205173962,True
6381015839006337409,True
7669204062531787618,True
963721228060673131,False
2144736906362991689,False
492685562942415729,True
2450149615880391004,True
7428426331087149062,False
6201640920545011918,True
-1837934410838584853,True
-5553311619722434799,True
-1185202178589648239,True
7063109003517894415,True
1907324563439318575,True
-8830752004208339819,True
666402799813862688,False
-7094167080450507121,True
2359200777801191858,False
4003188231904286108,False
8185406875781711524,False
7452886332908354970,True
8305047682236485523,True
5641874995638945529,True
-148416063452421991,True
-3604906558560802924,True
2727072840619624437,False
-8270266169032901954,True
7907085027060090024,True
1877057852891168837,True
3396735108307745696,True
2838190791049586509,True
-839830201386292965,True
-6658739731406131484,True
-1359758108013220775,True
3824269518976672006,True
-2725789359102198834,True
-3550050474942553972,False
-286745256454737373,True
-1598446702009318746,False
5857225740679057314,True
-4375992010612619164,True
-9144930260924568204,True
7992328737488226620,True
699932971123317930,True
749850202135767188,True
7509208735140433111,True
2033337641920180995,False
-5875973906189955391,True
1998289810029511604,False
-429652850429965392,True
-8498463029108369363,False
-2387299402366284918,False
1463151912246025808,True
-401060479470939620,True
-64707910750282193,True
-6366497420203942483,True
-1663902176611113299,False
-1016246373850984053,False
7548958843696863589,True
-6405925852713596629,False
-6511726832732628394,False
-3497406446550730066,False
965327896377001335,True
6927363268879296485,True
7532062224562090202,False
-6010239246624011834,True
-7523383186288052443,False
-758320510279520591,True
3654409662082840193,False
-422309347576646854,False
7198771011928282249,True
7585246597088321565,False
7513293087580728042,True
-483224213963520350,True
-8550369404294087367,True
-2322249470590491741,False
2798880556341692725,False
2830363599139134569,True
-333993671804816333,False
-3859220754581375048,True
2442467994448847826,True
4422925557483267922,True
-2541121456423969278,True
-2618682102714100181,True
-7603793028378130104,False
-492945030086631334,True
6656647427169770739,True
7434976500475056494,False
5790019445348904948,False
3757203411128497965,True
-6076155968191816614,False
-7424700333306693064,True
305858161444671389,True
4821314349247397495,True
-8576060734245171420,True
-1483327711819701432,True
-8356675751895121063,True
-5972851102165254874,True
-8634546795242319525,True
-2468815117448715115,False
6659591891549290040,True
8821642565191797284,True
1779747607917538088,False
-7291839758670490907,True
4612023361512581687,True
1200992218467452807,False
387119276944203634,True
-5071693748165090411,False
-4324410267001847578,True
8318687818092444130,False
-4564545871486494798,True
5153438683806286473,True
4297270400930692149,False
8798314574177477493,True
3245256163958728140,True
8770891654424335919,True
-5605460184644169837,True
625727648517104071,True
8757813294197197521,True
-1963230711020549939,True
-5262534632534331738,True
6706204137056289798,False
1389663779621001701,True
-7624003957255127746,False
5030646801638885769,True
-5417179370977904810,True
-3472034632208253393,True
-2894630660025448402,True
8555958446189391238,True
-1505937128048434441,True
-8625091599561246237,True
-3061235780559441807,True
-8972075726308232653,False
2833521307693675533,False
-2261054707036271876,True
-6513616352024076829,True
175418728008781626,True
-6293106391486953907,True
6892097209839211645,True
-2318952920883552805,True
-2254250594852695389,True
3091072959042383652,True
-2992410515886913125,False
-8191476507833029800,True
3943349761999911131,True
-145713090088875273,True
5144075277894648327,True
-3526687085124386065,True
-561083209072647152,False
-5591117880940211513,False
-5611909884164043810,False
-1718190205942609554,True
-7823961888983371560,True
-469229506751485952,True
6241293081345204342,True
8713402234472807589,True
8189954377420547462,False
1554401465621657889,True
8283327983237764016,False
656014195529424426,False
-5187557223550974603,False
5378488326947394747,True
-7187288384007105773,True
5664540397033368432,True
-4615120167909818683,False
-4059812909524095681,False
3237373384341973401,False
270577961374114799,True
-3684498659875953907,False
4165981816533376419,True
8799408457882246418,False
1018717056053700295,True
8154066864682567661,True
1774038178422514765,False
8297799365404037492,True
-3900851011019228746,True
4905032277518044212,False
4684166019992534390,False
4026311209814711551,True
6815888079653189744,False
8714308219132690663,True
-392924930695817057,False
2074696396534941063,False
7030817585725011468,False
-614101615819536775,True
-2730983151604740054,False
-894314334160436337,False
3372880464603057311,True
6023609817495066735,True
-2485682194833636333,True
481377135428573972,False
961571471693169897,True
5708323211174945381,False
-1569883435813484561,True
879835414033871753,False
-4141703502816487900,False
-8743598599813961976,True
3371210474143569523,False
3509542482864558443,True
1984913373876096539,False
655054700989409262,True
-8496643702012837208,True
4354829183434187721,False
8058238390634760765,True
-5742802767499872304,False
542123883132506780,False
-5952106646902421299,True
-2249116207766870483,True
7347164541214298874,True
6397679170770885591,True
1442637563599241210,False
-5011786119621987444,False
-1898108652726601879,True
1449271686563147798,True
6097623598536327689,True
2984905514063858060,True
4246445366011416818,False
-8456595127155110785,True
7877806178957450182,False
-703832118377980833,False
-6086774008081046037,False
1008976415468938113,True
6031174911734138903,False
1272138122695584965,False
5067736397570113770,True
2829980765303757307,True
6785708180420943879,False
1954016346669198671,True
7076147554000633424,False
-5496961285485006937,True
6786504265566909316,False
-2350517738897265415,True
5999968965498861645,True
4742421334346144976,True
5580074321077194697,True
-5399380257590856519,True
-7259431427557791500,True
7304036368192816142,True
6170299597853221199,True
8277480516603457314,True
7859002281076129057,False
-2463851143404451466,True
3124978691780373478,True
-6720025567521801574,False
-614560103792146949,True
5722976065599095318,False
-4256966325991294351,True
8269117775834426206,False
-6352289842105006189,False
-869792683249162615,False
-693277411270788365,True
-4841767299690364353,True
7526126252244451317,True
6044637004099080408,False
8358412147925301356,True
6513678322852971904,False
2225499453014483732,True
8380359360024108885,True
5840296114715630145,True
8598932902957505047,False
-7571307087173496603,True
-6691760869023365109,True
-2031993426750630858,True
4243977395592407936,True
9215758894583456317,False
-2894913558838064261,True
1766396814946835533,True
4411168145867987861,False
-1080940488128280520,False
-2849212325481992613,True
3857581468843908418,False
8652340897301487799,False
9133379188219839470,False
-4509807488141717151,True
6779081449318911865,True
6849912397674310348,True
-1387675488796017402,True
4539859053470141569,True
3942949771450381245,True
-7315326147520699708,False
-7168329616874678080,False
2888748558395653172,True
3754237112350935908,True
-4561909954952734345,False
328686025744577103,True
-3081894478214785084,True
-7750604995141575087,True
-4162584377749498738,False
-7111030926042706930,False
1613102561823330651,False
-3475337908335972157,True
-4838589659197636718,False
-1573672759884323862,False
-1684101263405944713,False
8321929619040397273,True
2695991662063198780,True
6663068900455986088,False
3159054051310314230,True
-8296775454690315102,True
-3935561107812239318,True
2679917123419582096,True
-4406291315223430534,False
3493103513483222357,True
-7304193388415728080,False
-3441783901027868380,True
1442794787687637563,False
8335170124784501063,True
178193313862974795,True
-6845326717336154992,False
2734059703761137411,True
2408778139501685408,False
-7350182726835476730,True
528461440871119892,False
-8292026723642130247,True
1924220997692428052,False
-4241311704875364645,True
-4838900853076049321,False
1360197758427574569,False
-4209474882501592844,True
2072532897935740718,False
-308333819109371965,True
-6859824411411497668,True
3625891302219925733,True
-4834885397069103557,False
3850603806503788340,False
-3994824321387734501,True
6927372765180901526,False
-4737511917806268400,True
2198495462195062976,True
-218959614232662972,False
861223633398811592,False
7331513515663862701,False
-5465298772119787662,True
-2571617374357789099,True
6184112264399980540,True
-4865676982951357602,True
-358201860921726832,True
3535387918591551374,True
2188306553258848292,True
-8230382511600470246,True
607219056921470955,True
3515572509806274009,True
-1968134091721266220,True
9103089050875611629,True
-7745574289837636010,True
6374814665616668636,True
4566898563519148488,True
11699306204311941,True
5868600521446093437,True
-1754655060028260032,True
-997571105481535125,True
5846286738190408782,False
-6344037087921069418,False
-5414401242155059274,True
1198772637935344161,True
-7743778037790600432,False
-6290818484353097199,True
316247244710176259,True
4411937044380810559,True
-8987475106773661670,True
-865392284563411129,True
3245781483132071797,False
5220576038039925712,True
4967964281583574158,False
1209642865390504491,True
-8273101521561666083,True
-412774730293058789,False
-3100268493747854995,True
-7276228568383265344,True
1011198066671333971,False
-2576204409925413773,True
1574941527470549958,True
-3057026107743765560,False
-5959979916792388063,True
6412015422112318653,True
-7179722958481830954,True
-4677361074485454274,False
6027942973126163663,True
-4592913059594189981,True
5130712730650456943,True
2219367280292311705,True
3268687323516145248,True
4506653340285874984,False
-342713497299760612,True
-5668346297110861234,True
-2458903769352351550,True
695049866735103220,True
931859477171261354,True
4140122947014128271,True
-2043627352347070895,True
7465763124317661011,True
402496699568235579,True
5886307771737670661,True
-3672677066228081472,False
5859967540170319243,True
-4548816941527583892,True
-658335117949885311,False
-1848608868719258641,True
-4543509347549083674,False
-7204484852731383991,True
2222714681531885394,True
5178358413238527207,True
-580125621591655950,True
3597740369462522096,True
7315960155119384081,False
-1288558288858675222,True
808581420204201681,True
-6324729790910713378,False
-1897604543371051697,True
9157806118875414438,True
-8937271805152760473,True
-4917651746562328207,True
-5187671734927767410,True
3748578727444940482,False
1355761471382651832,True
5990093058188426579,False
-4953038716721273701,True
-358864117164925408,False
-3251584196242051012,False
5602094714461937650,True
7904769324386188675,False
1966624356091512849,True
2149116713147811045,True
-7309245199559215399,True
-4352090979120114096,True
-6005777313503650466,False
-8291223394067957308,True
5243770831045181537,True
-8743113200694013289,False
-7105849020297838512,True
-1851578886868747271,True
9056340509378656330,True
6484327166069642658,True
-5252318448074044233,False
-2878196284770785070,True
9091411736679279146,True
-7786307612510859405,False
-3607862274152601307,True
2488296636872490283,True
4074938715544498220,True
7737043838893640286,True
-4316449536235702817,True
4058879123092851399,True
4053770996100156878,True
615538905390026010,True
-500397415320472488,True
6310434335132668233,False
1394990778203670098,True
668262091636772714,True
4600762590650911080,True
-4440483562528091006,True
4156049469586307047,True
-2619559580818749398,False
8178044557746780180,False
-3075903693281380525,True
5835174708331549126,False
698272399991240838,False
-4667734701281256832,True
-2318262344368162372,False
-5926613576640543911,True
5251536042113786195,True
8395712218393687897,False
-7927062603970717786,True
-4813543929878897831,False
-5565937116777592432,True
8377714928464123242,False
2804385059622257356,True
476444748906992635,True
6578945530840854026,True
8836193664728628888,True
-1725260499925343924,False
1585077208092684943,False
-4903826420080730546,True
4049699563150190822,False
4747262151017423442,True
1621409328044880064,False
-3221149996475336641,True
1404665466666036933,True
-6399443107837342383,True
-5304257681716131841,False
6414373779130594999,True
3618606121189183371,False
8724676782867843569,True
-8345199056276260226,False
-4222249510479177571,False
-3980767478515946941,True
-55167103193054041,True
7579369513678983683,True
8575882836697503364,False
-2904655866657775995,True
-97151490908542084,True
-4951950818332205080,True
-6247477593483754074,False
-3044263606038480540,True
-5573150934258986754,True
-2446266347355729492,False
904267450271734752,True
7567000387531940368,True
4223028223585067102,False
6480166902700476469,False
5714192373096010276,True
-4758573452520256537,True
-1736806340480653989,True
3887771441695389129,True
-2754214729419180262,True
1650581920392807612,True
-254936861378905111,False
-56499629915870898,True
-6688323882929177917,True
-8456097461055932195,False
-6120337009541723453,True
-4193040178493067500,True
-1144713507808703977,True
-8351231768237361477,False
1710426582456907757,True
7662792396308733703,True
6968094067993729833,False
-525774285364292539,False
-6159036026021334048,True
-2721222100826868359,False
3009656945299650410,True
-8359034097003694420,True
-605274614443247264,False
-7553954921720345058,False
7425869349507943799,True
7843262602218428461,True
7547007313441358654,True
5685821471248342919,True
-6791324237515670995,True
8255520689080614861,False
3138998465497157789,True
-7901621984244603780,False
-2864464242394698148,True
2447702167917795445,True
-9087792545954705134,False
5963383024077848086,False
673035926813120818,True
4835219550382099322,True
3933914488867842219,False
-3483421075046190241,True
-8978861702784084473,True
-8673781212605624752,False
-7762971245225168265,False
7334140263037028060,True
7748082604023370732,False
-6700777215090716090,False
-4305333081337044206,True
7304404317362347828,True
8234327326062072164,True
5892692542430360887,False
3563915656516384134,False
-2863447645309464781,False
-8946750389673399570,True
-5824161316446543950,True
1841941518459237519,False
4263985550405607562,True
3634839506229505624,True
-2454637025520570451,True
1095866422697011935,True
4276757962971327704,True
6751597550359569394,True
-946753242686186535,False
-8462075869439105634,True
-8938053393209745098,True
-9017019644557786851,True
-3908889177909693146,True
6038558820151339363,False
6536281885644718050,True
-3179351425332519912,True
563886588290439245,True
2204388773246878040,False
-6467080293224177043,True
9088498988249787753,True
-192650805338729128,False
-282636040623329975,False
-2629038098036043290,True
-5328637790531125441,True
8171767073945797363,True
5916898932505357224,True
3300394523501808110,True
8389057928692528517,True
2030984101705559143,False
-4156996910731825959,True
-8212312443908369353,True
4093565537908026865,False
-9147524604264752749,True
888398852163719478,False
4760617579393833980,True
-2703985742559200631,False
3373396593303362434,True
854695206440994344,True
3114737194954413963,True
2371264650823963271,True
-1262254146510026614,True
-5657819937479117854,True
8447211795384596068,True
-1717186909510434594,True
-2354702079418337284,False
2826968584075393382,False
-980217027125225160,True
1203723324860292823,True
3716842428846251229,False
-8972616559419146013,True
-4069961602394771029,True
-7118437041567284973,True
8827680604803018851,True
-8567860250643720698,False
-8707750427901591644,True
-3547730178906322691,True
6930282353306669352,True
-3591349456619649434,True
564754716388984980,True
-101641576942806373,True
-7469968330819642729,True
-1466270896069307438,True
-5808160888298586365,False
-7838644420791420263,True
192522207103205578,True
-7938319644932053355,False
27332017469008893,True
-4767084626598822737,True
2232639795955217009,False
9170318733819657727,False
2892778349781728116,False
1134201075769534858,True
6648728718992091118,False
-3137941255955769139,True
-3441449235086988736,True
2244427769053800708,True
-1896419966329428628,False
1443340499981964921,True
4636964458293862965,False
8730054544877288283,True
-9209500584623543904,False
-1497532027353604055,True
3254072841070016118,True
7399972814420758502,False
-4915866066709272244,True
-5539189707522634469,True
-5635995070197046127,True
-2791262713450352510,False
7008061248380001097,True
5942941050014828285,False
1113309642089288601,False
-7424754615396069709,True
-8660935555059892114,True
-5607520317250139226,False
-4374536427990930981,True
-8002802714327151254,True
5079340460047541449,True
-1169698106105778587,True
9099522392049163817,True
-23036239800653751,True
-4363491976033442473,False
1074515129189546653,True
2315590935867494525,False
1427979494452106182,False
-4960164919536849390,False
-8341733882905781186,False
1334530678617085212,False
4410632861424185912,True
2808052738824309256,True
-7522319760442819899,True
4732159081458411645,True
-5332027594718769605,True
-6360474420676925843,True
744296913199360415,True
3075475097600171129,False
-5700678718507094464,False
-3956787299149845251,False
-1697946795355869936,False
-3273678763965058536,False
-1779177406003324731,True
7478761499381338071,False
6953142764197313821,True
3624408915540053665,True
-5615226951238661143,True
-254625167970846942,True
5801635145553921967,True
3796483575152626246,False
4710452814486347977,True
-2335410655238920552,True
4427359468517629266,True
8199457226482241354,False
8979397521895251244,True
8014883747257630721,False
-1691389961611909452,True
-6910334514921438339,True
5178051701298293400,True
-6602060650212824294,False
3652750758224679561,True
-9136530589629144075,True
4100937273812924748,False
-1854135967218265659,True
5954250157549100832,False
-7761255391782158268,True
-6144553973041357895,True
-7767493397598524270,False
-6416226463079594804,True
-6727586579657506426,True
-1735336772191711720,False
-3885470075649096494,True
-3444098381922558225,False
8510465926232164802,True
1968489972944820771,True
-8934937204227936519,False
4081932486731354634,False
2232455685543806274,True
6115251183985086390,False
8635784976307012787,True
-1548571017758778279,False
379443607647028362,False
1026734508732948433,False
-4960456004323324576,False
5293819375900172822,True
632258491263304353,False
8338776774446866085,True
-7289129815365886009,False
-6121394845803196850,True
-4484847759587775459,True
-3966346307003046909,True
7580274694859768314,True
327577234951503261,True
2235494260789769899,False
-7230763558388453592,True
3890531833648666942,False
469587880602586341,True
-7810178728477515608,True
6787514986373858169,False
-86698253167025796,True
6569251709460605256,False
1435268922017719913,False
1034331310921101542,True
-3508965583195222409,True
-4085384224392143181,True
4871398531589021356,False
-7567321931563463373,True
2693753296150421214,True
-4510042202711946572,True
2795959030444129988,True
3461341443389007576,True
-7663092431885146474,True
-6525128662872091558,False
5999980897896652484,True
526907913477861083,False
4727173064855130863,True
3825402881858071135,True
3017333401667074769,True
5385594831102476112,True
-4518814491204548514,True
8254635484174636315,True
-2839706763620978501,True
-3565721099478195957,True
9077527344988064734,False
-545859511462963417,True
-9206893592128723850,False
6184827284719662788,True
4852544852272013343,False
342913862066258964,True
-3812294202627253622,False
-4148423018839259664,True
1791768526836012398,True
-614695936234776638,True
-4452891184502496156,True
-2118074169567813799,True
-3055952375540254280,False
-3472232596255367514,False
-4751559213890280922,False
919425471024042793,False
2486650127837087828,True
226216999376301861,True
-5999949379737553795,True
-7128924981452150465,True
-272779859939896334,True
-2519535537648256045,False
-3065870956917371227,True
8911389632737008790,True
9075731472053462448,True
8512563517706696737,True
6165377655280183488,True
807213314085514904,True
-4484074237551908075,True
-7866205266048281402,True
-2035887273238135697,True
-4450680704825858532,False
5479501645729776382,True
-2213042525162808708,False
-9087889501211113462,False
6864781715058781108,False
2514062640902388167,True
1397106135796336814,True
4371632494280209851,False
4924659637752543372,True
-3326887743018123099,True
139928231607721739,True
7829044151186804569,False
6120736305597214186,False
3707937378405216598,True
-3426106251896228561,True
255894443511073250,False
3460130320593857179,True
-1638481910647736868,False
-8031006422764958121,False
2879669322301743557,False
-5695498374627048406,False
988663461342350449,True
-2659331575614554876,True
1367758438021932267,True
-3837162260469838470,True
5014331665887397888,True
4273208413139823366,True
-7721612095542235514,True
-3299348355297512928,True
-397125308487519283,False
-6483813105643177092,False
-1495675892026573054,False
446554480108655422,True
-626225994785611277,True
-1049224543668059951,False
9169484551702771456,True
6408612657021463741,True
-5161838835882971342,True
4705125531017797496,True
7596373690986439921,True
-6392248692106709483,True
5471584120183366547,False
-2287314524017896257,True
1515608327591740625,False
8039005738747537356,True
7192922107334514312,True
-4094466700473403111,False
-5209895038019973699,True
2176870860428732370,True
5552539913979839080,True
-2562825412596536917,True
4888203218829044100,True
5273806331511443790,True
6636223131929185872,False
406090779649431062,True
4034728497026089866,False
-8476155346205605797,True
1161329306098866640,True
-2314690835511019171,True
4286927647326890380,True
5557164677880309380,True
-1523527050151519668,False
-2627841607997362806,True
-6000071067257653157,True
7667238734817878404,False
2396094811623620460,True
-8878603311683097092,False
4280081370394521102,True
-7390250427910374865,True
940506022154829783,True
-3201214329372566829,True
-5224000931308853843,False
6840360223501148133,True
127064022044365489,False
5588855328860228697,False
3919148905506020187,True
-5033536193993460691,True
5598662661966204687,True
-831191708799466183,True
-7226106889473716827,True
-8038928253513202592,True
5029112291548240375,False
4693685043355683305,True
8330473174777008275,True
-8510543884825199851,False
-2637093452062173525,False
4331882800598118876,False
-7684819600658031339,False
-7332386889842015135,False
-6609749667481374093,True
192880132383748094,False
-2227476381846567839,True
988887781236384757,True
7544640462703159902,True
-3269488470393131557,False
6585137877630429020,True
1292412841004797068,True
2092484708522761904,False
1327019444720173314,True
-5821360218476498694,True
2923053209835263424,False
-1055980502384992712,False
8413492166476828480,True
-8495991187522546108,True
-7431405619783453684,True
7951105500298370894,True
-415870284702000078,True
7573313301948952574,True
-2676552602426637923,True
-7837951915057762867,True
-6994600231095767229,True
-6376386350617484530,True
2702298016971380722,True
-7470115603882108669,True
-5679091547471636691,True
-3793005458726315981,True
7059189896021189576,False
7633567426563891516,False
3601000595558155507,True
529448971683460251,True
2571529578917809190,True
-9134442956207257687,False
4430693583079579706,True
3078065727420767998,False
-4870640198365658403,True
177458580886125256,False
-5676978997571766132,True
5930261584129808825,False
1637587047492142080,False
3155565775322062586,False
-1582836362537960369,True
4447432463435449333,True
-6622437850359905325,True
1370817090095818912,False
7951310769400151284,True
3155451311166629176,True
-5025310275645983557,True
1681007921163742543,True
-4685429063677410594,True
-7052090974114479073,True
898457556609010404,False
2936997072299910781,True
-827974487522547915,False
8740038607256554070,True
-5981838830006872653,False
7733870224747126658,True
-142523175686680984,True
6467147667375273907,True
6265612177675369149,True
-5286190935596637933,True
5568828885814639886,True
-6198868519988245717,True
6807928302639087169,False
-6581015668894826808,True
-7706287844101653009,False
-6935719318567074661,True
1616581323167364600,True
-2250662707249335793,True
-3462641276287520329,False
1151399569390966400,True
-113060838397716037,False
-5834599355875673098,True
-5211440728767869804,True
-4971309497298964216,False
2782369021024883157,False
9070722643986174181,True
-8986885395371215041,True
4643582617171047888,True
553526030998785640,True
3920122283318333545,True
5847744244577486334,True
9108974793454360264,True
7730829995848282021,False
7710462028402419642,False
3151295440591284770,True
3076790565877790022,True
-1806234602648526166,True
7944536985674981438,True
2930867168425627829,False
2820610790270090797,True
-7416948683068745692,False
7847921050825548216,False
6695303757136040242,True
8414002000239780629,True
-4684410723246379214,True
5117081883874947970,False
-8003497033206510860,True
8638586803726184963,True
-4665426814943669229,True
5533504291880930975,False
-1364908219195960224,True
5024949920285744002,False
-6660005732979089608,True
128129682684466945,False
-2774528851187573019,True
-5474080093094944125,True
296096636060343403,True
-3902775233836044435,False
1753251553162358443,True
8339191496735453133,False
6885984549111636138,True
-8918738484920387583,True
6531112190078025841,True
-4767585975286237525,True
-393557677536006144,False
-7105050490759900059,True
-4802811318662682807,True
6523937377918066793,True
7503257501245294392,True
-87440499151628982,True
826864837131759213,True
6170903540865964090,False
-3480159145636346167,False
4171439658737944562,True
-8363486924228712952,True
-928163891184814008,True
8272204547318986464,True
5888115366352879014,True
-4388317891325477208,False
-3924260509582774955,True
-1965159510994209805,True
-3883333264206996013,False
-9144980999022229833,True
-6828074712711601266,False
6017849718658984882,True
-8970569266378040258,False
-5421139071759202291,True
230244835051483831,True
3019605345382210523,True
6728569837684479056,True
-4937393120755415276,True
-7481750062420314712,True
1196378767724762179,True
-3977438967110190142,True
3493420190654794306,True
-5509646222327734287,True
-3308626907255667985,False
4824091843411418047,True
-1397307435592393300,False
-859371617639966431,True
6641643485740374701,True
2880007031253819874,False
-5382713954405667892,True
1940195937685575284,True
1977337104164804724,True
2474383288326975899,True
8627259411620686495,True
5056286360168293061,True
-3900477969925441668,False
-8335548329901152200,True
7679292939295444169,True
601295444589467151,True
426382101103793486,True
-4607322091192455753,False
6161929897713493329,True
-2961860999597883397,True
3886642566538884200,True
8535836463456314827,True
-4474922516535105075,True
-2984526672397986357,False
8611620774042137290,True
5307277162483279209,True
-1099367735924508165,True
-1742616998570768259,True
-3050516136278222659,True
-4258633911858408209,True
3967853808178680973,False
4063516019155742318,True
-658523853857610572,False
7285650044832199009,True
3264749906801213628,True
8459308191174590614,True
7155808026383504133,False
-4606158667031139846,True
7385557911452419287,True
3447926933688125062,False
6186882324287189943,False
-7958545472101749227,True
-8683567527995085075,True
1761451422250545504,False
1744617716249551189,True
9116628240703049030,True
6444412338184337310,True
-7087434294734069124,True
4671722486158416905,False
-2812312878911952233,False
-3982630855901317755,False
-4929759209137695800,True
4488567317460344866,True
-7716681576496675238,False
-7540693707532164188,False
8950247607110193630,False
7137833910049918271,False
-281225662918306235,False
-6962797810370429534,False
925731573661324668,True
-4727140674044616285,True
5983730727611482054,True
-4170360135086546230,False
-3803535808651822087,True
-8135104470662836122,True
7820504917818955485,True
-3119184908036387848,True
1359410729558191527,True
-1012653084323123477,True
997483120956109498,True
5181331917821814775,False
-640559424566619337,True
-7305154445691960566,True
-1941705041827804965,True
2261234642791929143,False
7667670698800945013,True
8876444949035018038,False
-6942393516415870904,False
-1844520781235782069,False
661441236945566285,True
-2335277479321278632,True
-5940836381837920252,False
-2213902344256991693,True
-7834628926515684018,False
-6368197115591012422,True
6385238925147580136,False
60247964751639025,True
-8043965986753960175,True
-2382218908655809028,True
2601564892412066757,False
-6896273147725022150,False
2860076900675377272,False
-2338386154887114981,False
-5998257387063605645,True
-4436657522408887335,True
1754899877878650233,True
6639923443306497156,True
-1184365069913015769,False
-5144724771337627380,True
-6617664987462076062,True
3051983795122669257,False
-3042666448614360053,False
-4625602092389386368,True
1332972499373533388,False
6259236585013152567,True
-3446678014623286285,True
22481297247694618,False
-4003684555122819459,False
-6840477159865932330,False
4477803728951500902,True
-1233379458373758891,True
-4709128998604814391,True
-4914479287931595858,False
451543074779415349,True
1002086158677637894,True
6151491196503094562,True
-5664837949627767696,True
4513271135060557976,True
-7738211139243297027,True
-7008285092104051530,True
-1220471085942889672,True
7325346577378959789,True
-2783993032202867102,True
-2040350893002860700,True
-2018272554216887813,False
5281381203324071988,True
-2256406157080610907,False
-193255798676095642,True
-3256178238282398388,False
-7349374897390669993,True
-2590403395151427298,True
6419004475919845532,True
128113696789375832,True
-6251242491054754411,False
364376096865622006,True
-3880039252032712636,True
6019602681280350863,True
-3465342246815371326,False
194271407169548747,False
-4502295188462617090,False
4200495006245432006,True
8915498669135889651,True
-2541773977376364986,True
-9114443054396674473,True
-636793212624147021,True
-3136746385545945233,True
812316181247889933,True
610825422296699804,True
-8583626389941413813,True
1366381160085051825,True
-2925722158226102599,True
-7749541985327744581,True
7905990803924122150,True
-5921217210775359249,True
-8248261944802797338,True
7607668616943459268,True
1121604545722231319,False
7143194448573741376,False
3509000779267735567,False
-4519054656532104623,True
5580169761306145335,True
-5061878243956693819,True
-1520971368153699886,False
-351998411562574112,True
8177981550336139738,True
910830614784130957,True
6014685686239081017,True
3879690470020732236,True
6966161552525996909,False
6817042782823114029,True
239278797672656703,True
2147941303345900378,True
-1249788974417514610,True
615093404058375252,False
-7916156709798825770,False
8957899146686524835,True
-6471039359546288248,True
1638806215012510481,True
8590069676662534505,True
9166803525544529627,False
-549295928565919367,True
-5870724608664301843,True
9181738781820480347,True
-1025903893976441335,False
3546447777688279151,True
-932330542982998656,True
4833785792857348448,True
-251090537916790486,True
-323646086331653799,False
-6546062316232796664,True
5553662864065200056,True
-3787094913161621731,True
6789017525410330660,False
4141916006221655243,True
3133125687392459120,True
8951508306395603956,True
-7668685204158566897,True
-4454934746520707499,True
427235755952832627,True
49008193221857181,True
8173317304994236997,True
-6436074299835776946,True
2871860721752263417,False
-1218233241665183918,False
4576657625782725502,True
3081431105181675490,True
3811656493270033567,True
-3380350892844401460,False
-901983154813747733,False
-6943033239937011486,False
-2692204873382440360,False
8590519388440192121,True
3541682125991539875,True
-819184228541459599,True
1381806912265000629,True
-4613263603371395029,True
-5496341398278585833,True
520910798897609819,False
6061266340936781414,False
9124211948907877345,False
-9093714964393653312,True
3443829290712699085,True
-6232389136769886326,False
-6315517990522299035,True
1392706710705190595,True
5508435976575539048,True
-5943337175165345208,True
3361919108380999684,True
8799340282948187511,True
-8283902059858650195,False
-2406974142755276720,True
-1929733021704842656,True
-1248725478822303280,True
-8488492325335507984,True
-224769049762048777,True
826940304093485919,True
1156334277230094659,True
-7949946656609726484,True
-7175110275498455723,True
5066309177865819396,False
4593906826813182454,False
-130650824051150812,False
4815251506564908002,False
5639818119594510568,False
1243743663466483300,True
476199114642891229,False
-7453633051093048703,True
2218540786580612395,True
-1717066419399641704,True
1802860366975549485,True
4044650698542321436,True
7098916813489662454,True
-1898281600227398509,False
4975016905057035810,True
-382740922784443577,True
4994843547772146714,False
-2360116468367278198,True
-4377439799548901845,True
8359522773336591716,False
7534904535624798855,True
-546687118611515814,True
942755369361783540,True
6020326642778372887,True
5080049092635523487,True
3335620738843645,True
-2203909913396780934,True
8108501021854677828,True
-441932758186376972,False
-1977185955478807691,True
-6213776845121086516,False
-6689989361319397819,False
2551586510064317926,True
7977560965401402911,True
-3212516971276994147,True
3396347499981938887,True
8534542921334694981,False
2549434809528943681,False
3300052075654780749,False
-4026479012864143119,False
-3431839453595742660,True
5034499406942222690,True
-6490661675820318873,False
5027620316880077464,True
4907072825795110581,True
-3666798636180563971,False
7554087134156014531,False
-7465811742719372256,True
-1336210609004496366,True
3154961949997460402,True
-657288154284352279,True
-7301213416638606327,False
-6716762602747142256,True
-4713489718392290502,False
3954297813789305723,True
-9222233071733454883,True
-1325571136093724512,False
4471864008392053249,False
8255233841666015129,True
619913623793773243,True
871109064918138119,True
-1978712607449097371,True
6614433656902413390,False
875052624621173985,False
-2397429112654104564,True
-520771749548917192,False
-6834470149186816693,True
833745687850479850,True
-5143673453367924241,True
-4813921015756791380,False
-3281927992507911375,False
-4432652067090585744,True
-399929403748337923,True
3962182564360275780,False
-668326775747109030,True
9155114370852658759,True
4072310486588345167,True
6503615833551193869,True
-4256326451468156833,True
-8199571265111422401,True
-680202203060804965,False
-1705792392401148542,False
82058226836760225,True
3248138518055671931,True
5960211151643888715,False
-8670111587773255948,True
309392591058848422,False
5227717256409869992,True
-6151889046677649907,True
-5587674684190047451,True
3369677306029177946,False
-8843116057717406854,False
-6797348575765920151,True
-5677690331832252792,False
-8544643785095308760,False
-9049224890493656889,True
-4427786706007233536,True
-8638896054885828832,True
-8608661425102501741,False
1383517015714604299,True
-76355699644132726,True
-1713176213667284094,True
-241394488387517175,True
-6853140156337988280,False
5884326726128675721,True
-7613734563606092019,True
-6157154099163807697,True
6939816275538931646,False
2218358541455247308,True
-7725208117109586850,True
-7851391320426576229,True
-4282229052829573793,True
6780799731864649497,True
-9164291608893507402,False
7436445461794276924,False
5302381581254207139,True
-7921703004468423509,True
559360471567510776,False
-9209526700726972887,True
2832154878065643383,True
-714021654860797520,True
-2154405090464254636,False
5300170960417035689,False
-1781412810961278839,False
-5171628191918930950,True
-6506550973755297381,False
3847860036269785070,True
-5457143044334198229,True
-5844774614728697745,True
50027340753613077,True
-4313349198651086932,False
8235145656190284087,False
7094495056575743174,False
-7019802080564469716,True
-1834968935918763776,True
4720039054647407164,True
2658380171813082186,False
-3758481809517382134,True
-3289659494599843018,False
862828772660229227,False
-3889141217151477340,True
174874526275777373,True
1240856394751364779,True
-2647886573586976037,False
-1928594102698897427,True
-3992226390563123107,True
-205326149433036919,True
4699087485073408174,False
7399989971123353334,True
1648337898832278520,False
-9033820042636989044,True
-8936794494125097299,True
1491751170275345719,True
8630997293152586603,True
3404363688489831077,False
-4368409687588302094,False
1540858222055575385,True
6674329950736394826,True
-7014682279964747338,False
4006157767214938177,False
7876460197119623068,True
-6031485997733306528,True
8543978771474209465,True
-9209606551790027393,False
-4288293558325170350,True
3631320597988109490,False
6198970905724682045,True
5814158362592738720,True
-3706789149137562348,True
-8748969871438584075,True
2710720099505819498,True
8178660802385394718,True
1361705014156291680,True
-3030129148092260629,False
-5084176234767986830,True
2236548095914963762,True
7015948460149193168,False
6410951498163304644,False
-1626796023672779389,True
-6525272011024981817,True
-4445740912003930646,True
-2007619264379122886,False
-587925020029211820,False
-1676100812301909494,False
6400973118500831542,True
-5540336721226188354,True
6489048855217767023,True
505455193253060861,True
6139848147414126220,True
-6346515593047415974,False
-4870607969317598785,True
3960949204192073217,True
-1350412342385548752,True
2497022776648562801,True
2927379969172012074,True
3533503044557984061,True
5715168843444817414,True
5965077243541717451,True
-7908578235912984522,True
-1707484173366490625,True
5744759609905333155,True
-6599632898641920091,True
-3765336781279092949,False
-2691103993994971125,False
-8138764637972613382,True
5744429849084131285,True
-8718828571129115120,True
-4401068689490329597,False
-209765476843052608,False
4015632056533598060,True
-6523157746101267035,False
-917881559642861898,True
-1439256745170687896,False
1027712111433096094,False
6693707185289262327,False
1862162849941075096,False
5883442213355070958,True
-2535952532578968146,False
-6438534750815600215,True
-2601908658339715704,False
5554262324358662587,True
-7731902189845890655,True
2841389503839851705,True
-1404896569635792127,False
-4808635042546383786,False
5474553236680650522,True
-19854643503241974,False
-1160211699563544488,True
-5198997817403839418,True
3945178551970215484,True
-8371555998399197249,True
-4713980908980363047,False
-6480702236455285714,True
-7826846165771901187,True
-5906945355648782577,True
-8222040535159359183,True
3195177640978729668,False
9199427249126743357,True
-7436166501637484154,True
7381367206409273795,True
-5341671136887294787,True
-744261144189815186,False
8080919396415516426,False
-6258094636271633547,True
-1444123889494916227,True
-6310824832847257289,True
-6220204653162074968,True
-6172977752541945407,True
1723209119953056979,True
-2672486184815714053,False
4299200689932893154,True
199125422333165187,False
-7184053013169146324,False
-1611882843461044828,True
-8953844664299818522,True
2725208247776698055,True
-5955215385591120520,False
1193926777392920201,True
-8125200900488084043,True
2914315258914162714,True
-836249592487346045,True
-1441150915216879017,False
-6729875684659828286,True
5141352927624455079,True
1358749930690070225,True
-1060278591068611396,True
7620625426434406121,True
-9104662903375816418,False
5649524684342418547,True
5911160239211372160,False
-8089336178383373910,False
2010290498633772958,True
-7683149877420571337,True
-5655944565993339436,True
-7799784928995838424,True
-1537561453416630294,True
-8604363313732516618,False
-3108436014046898220,True
995722853917975600,True
-4279614223969256729,True
-3588485407954432964,True
9082164233302266046,True
2278628401407202778,False
-112020748780248901,False
-7582367452300480092,False
-5183429435421350730,True
4276754461121163005,False
5813042609754239735,True
-5947113114544017568,False
-7740795452733870497,True
6833748669321909179,False
-1416161211722219305,True
-7128001351759437539,True
4104523969772302221,True
-6977340301232854284,True
5713836872106495002,True
3538327607994071687,True
-4739664790409122391,True
2772217339904418966,True
-560712323876144241,False
-2123189860108834802,False
-5852487013915795251,False
885107216046644056,False
-7619028142286407309,False
8882791938771012428,True
3537166601297275233,True
-3514526178792545488,True
-8353855578893624213,True
4456481210641437747,True
-6405506657992992069,True
2501041611865167307,True
-930491701233732415,False
4956000100155348053,True
1844656474543134846,True
2212027767083699822,True
-5174457819302852063,False
-351518439263398582,True
6137504819368860667,True
6638343021952403338,True
-9043332129732783499,False
6958242346891560879,True
6809328266346624536,True
1028086738164633512,False
3449980550913627177,False
-1808969421251915506,True
-7926658999031500330,True
922616733168199999,True
4594218258307532113,True
4854243354298613723,True
-7103914928712859511,False
-5620938164163041577,True
-4052266872790715017,True
-1963179406014902152,False
-756631800315089810,True
-5070161851683737034,True
3280173657225887595,False
5377535981063960915,False
4938015185487167000,True
238078539378205575,False
-8997676280954704187,False
-8774094173820991164,False
7065632279032221665,True
3783595574583530553,False
8022009619451633675,True
-4500430898675325919,True
1153669649689474792,False
-7311477399497433465,True
1898732226170619467,True
-2787905567509617145,True
4733738997566568867,True
-1080607914313981644,True
-6844216780995129188,False
-4284727396463631935,True
-2715049716171176293,False
-6078523638996871405,True
-2988663995201750039,False
-9043870771697730864,True
8722633151907318002,False
8838674153425246759,True
-6977522231447546164,False
7515209340867010436,True
-1866165129066352697,True
9027436031681523026,True
8612193232030959345,True
-4492966854442742710,True
-5903756929985813577,True
2404648996904810438,True
476084721104492060,True
5924552530788084355,True
-5555091014052790132,True
5499704098110953246,True
3501632524670456816,True
2442333772999707460,True
-498109895169889614,True
-2345943769880828683,False
6901691600374097610,True
8948400669605243932,True
6114548424076124202,False
4800538522750862036,True
-374892584243871,False
-8956497102955852924,True
3799583951655442784,True
-7354534466416912218,True
7426908623480766808,False
-6480990194958769237,False
3475768470724169085,True
-913756354016025870,False
4253552861122007120,False
5844103607952853846,True
8572254042030039686,True
-4924678084870603024,False
582383724569888783,False
6308066012595416454,True
-7559281587403403779,True
6052414749290239441,True
4168171655690282218,False
-6957233573415442448,False
-3192201926421557172,True
842723031121810717,True
7954587613718568502,False
1126844434274805923,True
-7684435653868815745,False
-5880307127979061346,True
1181333509150401832,True
-7289991342191520483,False
-8302738016250745731,True
2153178873463405523,True
7485963055203794956,True
-2112012758022971358,False
-684361154922292508,False
88909790695007181,True
-8028040878892388628,False
-689369656183733092,True
-8982788870943415033,False
2686991931774675945,False
4777192489918975655,True
-1844675432870493857,False
-2475453478437123237,False
7927878534802147694,False
2260101206113854242,False
3965058852152577420,True
6166939338726147516,False
-6640654649054557294,True
-7454148022114529555,True
6343474019315556935,False
-425760488252425857,False
-7755809762547735860,False
6444620998694887224,False
-2389949401230004080,False
5336722720093158243,False
1888089184760102710,False
5295737139698207011,True
-7493103866174347337,True
-3815881637507029745,False
8205275284729462457,True
-8889046915482295370,True
-2675626168564582646,False
6591365110843361796,True
7571596898151086613,False
-4429754012477604393,True
4701784148596906588,True
1629448076338423625,False
2447191146043594926,False
-4311453255253421526,True
6348397037598937017,False
6770776249352585160,False
3639192233580082251,False
8608272281320778207,True
4228698797423295559,False
-3507471524542705164,True
-3860427294534108853,True
-9151596763842619958,False
3750286271174956875,True
-872194068476503759,True
6061332896762102958,True
-1954225443648629093,False
2433357552680347460,False
-923779831277083191,False
2378617550154068935,True
5236768753114331512,False
964803361132324726,True
-1870784104029223303,True
350785062167306301,True
-1726704979132063,True
4088590967899271383,False
-7349320258157099513,True
5290041732356640629,True
7705900923959880796,True
-3374149961012452873,False
8007129507384989033,True
-6067969295191824891,True
1306469573641891558,True
911688553777326362,True
8940800036166885175,False
9061384486002149195,True
-4236163592379942951,True
3936769543613796124,True
2981413731259332777,False
-1673461226282306773,True
-3437801766271417643,True
3636317590007110611,False
6721695918292967650,False
-3969310415631728229,False
8508698892035111505,True
-6080970095353824330,True
8482362367720218902,True
225599183030695295,True
-1386993851125342072,False
3232285277992008601,True
-9182147830629957884,False
8748739162540963282,False
-5903382644085807862,True
5338085144588292527,False
-1351981247305537962,True
9101604586575101386,True
7253507736044181641,False
7002479870281742963,False
5462640673521742638,True
-4182664444482028765,False
8555601628216112195,True
8883259876695801199,True
-5283717854489891682,True
1808842700703880333,False
7108523828435932901,True
9066745387605964898,False
2854020275103611411,True
1059276142173442846,False
2785317240953193771,True
-4489599740251021918,False
-2445726819509250997,True
-2044139397554356971,False
3137956490176466285,True
5032687424406238233,True
-4478429930695262364,True
-7258540615610748373,True
6174042676010394906,True
-7438175876831410809,True
7233825215787549064,False
1664463609280740385,False
-9015578822843541874,False
769574592868744797,True
6195471904359743056,True
-6106000153105650801,True
4032809126431068579,True
-4051221262204735745,True
945241595967304511,True
3530787578445505128,True
165739989121257864,True
8510445789177414530,True
-1904994595943931396,True
-6784473387509983151,True
-527261044421238389,True
-1041802921511447701,True
-1760868689479095714,False
-3992334504317952423,True
-4791978944584585974,True
-7215794292842538508,True
7706406943435053700,True
-4151642801357062360,False
-4916836276007873822,True
8376527037653925340,True
3827779243359910175,False
2762790721728174743,True
-2389687786088953547,True
8757325706909348240,True
-6152180214153180385,False
-8325502648470152555,True
-4746623757989196769,True
-4188481948043752230,True
6423859019609679389,False
4114741188004898624,True
-184164443765720716,True
-4671609335489086959,True
-8114520670547238106,True
-4413213962914183624,False
5120851463162114181,True
3702616080272773436,False
-5645514513652191000,True
670843734227460310,True
-6129254074036584068,True
-2755371738780493648,True
-3011264297929699789,False
-707652966553751706,True
6140477869742094227,True
-8848122439131122097,True
-4625395541862907485,True
-3439554567180623500,True
-4413960913999823911,True
4810161495219375683,True
31253206200991204,True
6010890636149496032,False
-730183520586891540,False
1150543199738926712,True
-7375852984577161370,False
-5006759407798609611,True
458214433878605167,False
7216175922090810438,True
-6397035803417883421,True
6867671405038968716,True
-7132570770253967225,True
-4000162416688949214,False
6463455895323745092,True
6921152043256353993,True
-1082848821237483531,True
7977016011170303271,True
275036769223420084,True
-5703756849567828282,False
-356004653207728618,True
-5373777760005802034,True
-5297541265531189406,True
8443224715933115782,True
-8701414884334144225,True
-8892330879979024809,True
44307801688276475,True
1040321677931416314,False
-52434500322687349,True
5576821714404066037,True
-1262356031473831599,True
-9222828994967424189,True
6955412827430237132,False
-5459305104701950516,True
-659840326320899616,True
-392360301121254276,True
5500986218098845508,True
6009186177404968126,False
-5975662661593813817,True
-1976048973595672984,False
71431315251553144,False
7573213269217323640,True
-4841885259693140771,True
-752732184018163238,True
889278642809207598,False
-1544141179119537847,True
-4783853692179783294,True
-423050273290683687,True
8704731240441604658,False
-6429663007314493837,True
-4723500777184720748,False
8796476814202858518,True
-4453746319252138645,True
-8657201911649835011,True
6835371875335517877,True
3683161581788537966,False
1424135688421839258,False
-1831102276711426732,True
7284881319797236066,True
5862516222509135453,True
-1016506149591404564,False
-1014979708158267819,True
-5129165128781498027,True
8813730098453916971,True
8238336543193539390,True
-2272315928099096844,False
-1188390477766345166,False
1348202691500072713,False
-6372339958281313037,False
-3654655645659615902,True
-5421632181609132357,True
1975928140084672788,True
-3895177948021535064,True
-32417069488248199,True
8792113081217026187,True
-6432460090575610528,True
3260385220659223211,True
3019310765604782084,False
3007856439174986464,True
3856153439358481858,True
-5101549216281152625,False
870475620654322841,True
-1842454990298037503,True
-8057110933536501948,True
-57436036136768341,True
480792768521771694,True
6445122378932253100,True
-1822748268120238922,False
-6025672669085118294,True
-2015663850449079266,False
791904956125316171,True
8453501522113661380,True
3497812677338442472,False
8516334421131033154,True
-621540762088715901,True
-5874364393833507202,True
-317475315701103823,True
-7884670406925799875,True
-3149828244319702329,True
-1801927052054578183,False
8350064264989371786,True
5858687450665996416,False
-8061759739307293231,True
9018156733510408019,True
-2693341401990076136,False
8984852193326261134,False
7230528159793757549,False
-5923166783060725669,True
7708984065387315257,True
-5948839116625932344,False
-6526504719464480781,True
-5935637295541856081,True
-404934939167721278,True
5112998550631349144,True
4325422369590020495,True
-5252944013946899082,True
-1902583413686588827,True
-2513833697925953933,True
-6987803325573567159,False
3105338606040630486,True
-4402605358484595119,False
-7905473438353890575,True
6352049443967951169,True
4766262601561005627,False
9211938136057541217,True
-6089034261560151587,False
4116640814639379605,True
3685987244790136987,True
8302347295762972386,True
3586454948284127064,True
1059837528625920490,True
-774763081017728572,True
7157747754245326114,False
-3887894519256917341,False
3173632292882085880,True
-4969114562782826142,True
4346402642493968769,True
115995864419342251,False
-8346210807182873543,False
-7086991097208379611,True
812158812859885424,False
-130466936870145621,True
8963157264066268838,True
6181545320218458662,True
-8725945313067073530,False
-790370359740518291,True
5691835174025786721,False
-1294018003175027304,True
-4829641666071376504,True
4164726324232404613,True
-4539745001439092388,True
2713344471465892534,True
-4009027846763793438,False
5485212061215570132,False
-1039036107944325645,True
4966348878100795794,False
-8467429952447471510,False
-8149358609371928674,True
-430278457819645614,True
666192368790500549,False
107258637600111278,False
-4934286621968203877,True
4034651858101504466,True
-1195573305587049024,False
1549808875834702372,True
-6586699198859807633,False
-6022554312441711670,True
-6618992146499722514,True
5448185329533969006,True
7814254580012363645,True
-3103418561680548621,False
5601083753274307441,False
-8315561182364228572,False
-1713175076904812755,True
914284412401642086,True
-6141009416729814622,False
-8136648720120130341,False
6799301310486519042,True
-7344291846680827522,True
-2554346166514090775,True
8149396001263397756,True
8917073339462957706,True
4329285036384152685,True
-1412295953749088979,True
-4276353560678321563,True
9046093822179054854,False
-2157263799729963854,False
-6740505798097411195,False
2559542317810664143,False
7011537919156688328,True
2748004725338782727,True
-7697113915847781399,True
-8425291625108499177,True
-6014763668442756632,True
-8072179807531133481,True
-1764041171883757049,False
-1970991608861934598,True
1556716104758826952,True
-2983960030087953121,True
324607175982338941,True
-7182962837135335747,True
-2243007603062579048,False
-8722891354981720719,True
-6364128888284645912,False
6122956999762258296,True
-3234796200840948669,False
4234099263067320922,True
5111649487884155335,True
2413901446334293178,True
-6200348838831783702,False
-5001190002923958666,True
6583551117772029182,True
4280216502706339393,True
3531286664292239656,True
-3203720999824723879,True
-7643287637582711896,True
-6211507127005458879,True
4703562929014807476,False
-5410607646621804498,False
-4627612310428844588,True
-6724818046558651821,True
546075821827320226,False
-6625641809443775872,True
-1749844443501281381,False
8039304788097883582,True
-2438626904795604524,False
3707942116234275270,True
-1158069749056919291,True
4142900867092903987,True
4203564763442798278,True
-6924514003808197788,True
8280906012277107556,True
4236486666699190265,True
-5221628584708179901,True
-3067524737510936909,False
-6987735769842861005,False
5976265943216484774,True
-13166152632234307,False
7975939329920394681,True
-3547161635534549578,True
-7471552782701648432,False
8993806536117870293,True
-9206910521439438387,False
-3905286071318247076,True
-5115963950286183734,True
5991979085246078352,True
-8945067241878212913,True
-1846400386026285966,True
4211261651206891651,True
9139700857450689954,False
271599067760485633,False
702359740675938127,True
-124803650429177923,True
9015986394581828826,False
-1116067087661093229,True
6236780498748048349,True
2574465840279722825,True
1013432614113034123,True
-7243935909997118243,True
4390730976959748671,True
4745387652944124886,True
2455109101822582293,True
-5713785535906850157,True
-1123938436135132943,True
-8467821657287185825,False
-8346008266217706395,True
5700178682247170348,False
8979711231060936505,True
-6579220313439946917,True
-1452235183255720862,True
-8033018012255838995,True
55314115970269676,True
-1711270916850191531,True
7696710889449633953,True
10114836575007402,True
-5610307388991528488,True
-4130228045509760960,True
-461034089323891213,True
7814175532993619041,True
1890049485981221718,True
-1408923532298956544,True
8947842280083060601,False
7723872405342459637,True
-2171663283718939065,True
-6618230292425908421,True
136937736081419974,False
8876184349952404750,True
-1283755785471967920,True
5018991778186852564,True
2880958966029883414,True
5824419424394067707,True
7543301378819173949,False
3443246994659293848,True
3934810101693627979,True
-2477120346855106562,True
-8148930570567038452,True
8357171072524108234,True
-7072943147131969528,False
-3750325230612527199,True
2559239397442340072,True
-6215531740935391781,True
3460616259539606461,True
-8448575928342958926,True
6366543152561740500,True
-3962608094326300236,True
3871297760530634612,True
-5841735962032666682,False
1844200456237301485,True
-1116779222411148730,True
2982103254576379405,False
332667483836499550,True
4337231924454375720,False
8396361641665034017,True
-2711724386475895953,False
2494148232447929045,True
1624396331651217676,True
-7120053548965441804,False
-9142887374541450337,True
6145913744393663423,False
7385700033450857788,True
-46307484554280569,True
-5546469611541940319,True
6976760984127117758,True
-1674357133860260872,True
-5338919329994366497,True
-6262498003164125971,True
-6486522020341743405,True
5757037609235832643,True
3932449525959047311,True
8948178105313738809,True
-7376590197838119155,True
3215241625288126075,False
2748956315022620568,True
1299468444478799637,True
1535566083791389029,True
1604688476452892966,False
-441801458954429239,True
-7824037701476353109,True
2704618536701747241,True
-391718969192967774,False
7850635979545947237,True
8058460150898192061,True
8105175331856738636,True
-4751260798204168449,True
-5223693295081312492,False
-2649087903874664440,False
8583741997086218998,True
-7552485964946886910,True
1697870197620535352,True
2110247576888998494,True
8664632466282890514,True
5547859159224488844,True
1474981640527490987,True
3946519292354871214,True
7115216336272160922,True
-2920531753993580025,False
7873642680335284219,True
-3735023153077598188,True
-1475494819201703864,False
-2276168360927399854,False
7013285935712164428,True
-5609793170277292246,True
-7652718056201330012,False
-4147420875153227216,True
-3184631415861648894,True
-5541568251256129296,True
-9010668389347608869,True
3103276313506362702,False
146227644866434775,True
458149411576960722,True
-7763272434200489188,True
-5765270171740181849,False
6651017115164474921,False
6959142699827658160,True
-4310594680465176338,False
22157765620241909,True
-5423524653972883323,True
-2187665146109375380,True
3576760463901522935,True
2609635276346871137,False
-4496494232366948693,True
-7948353682895193960,True
-6528122306498988408,True
-5360977276772757703,False
-3270376721412906582,True
6956226040429737619,True
2645168022112293471,True
1803627152267561897,True
-7732442677135617068,True
-232781951344529039,True
-4002596629535510668,False
326081347491432922,False
4397487825504566706,False
6352807011562506627,True
-782343637244676926,True
-4062755780039378198,True
-6902704766711229321,True
4291439752308392314,True
-324598873276300362,False
6710055059382182257,False
1966190913304130428,False
1577565070101536473,False
3792780127320577066,True
5350135288219053880,True
9157578394131991743,True
1628999239921122283,False
-3584044604041562114,True
4412459093605172895,False
8180211330643332619,False
8022648975790096868,False
-4526658081529105572,True
2825254751608160595,True
-5927473058936410643,False
5846603860931711722,False
-3290666095694139661,True
5031920033324513535,True
3275319668463650380,False
-6878503870667657510,True
-1103019659841496317,True
-4152804649218453083,True
6101528446591676101,True
-1614656476851597283,True
-4961308054618416735,False
-7163098381516578350,True
1767594380350076396,False
8627111033153586364,True
1084366628818613176,False
4818845161824096494,True
-8338313099644828873,True
-4881568603425076040,True
-8834643994555096477,True
473933312825527309,False
2014207775699715067,True
-3651998092420322814,True
-9041268148720161342,True
-4371710699976305011,True
-488835056654711229,False
4668358142214357239,True
-6810039243871135944,True
-8892442413028595637,True
-7432412589835951944,False
6185969696431290721,True
-2842183086839289067,False
-6880794556756642240,False
-8037767054068288809,True
-6091688731980969262,True
7516614359559689587,True
8735155979094896648,True
7767688917725690976,False
-2867540405137054741,False
-8611199198905872269,False
-8078887549464615548,True
5199782358791323734,True
-6973318344636852198,True
7928160665637634306,True
8926560107041182062,True
4744077948552764381,False
-633374107796953875,True
-588293950964724179,True
3336927536664706189,False
11802195648428113,True
6961062042846954634,True
-8110335005352102750,False
7151482315254597927,False
2723688526398301162,True
-5550769573702724843,False
2305871962255216401,True
-5507237497859122222,True
-8962472615041045963,False
-471389967332500339,False
653103887009211939,True
4131644565484732959,False
-8886027269122657302,True
-644064542329664440,False
-6116632799172109652,True
5327155269869395173,True
-2641753287145654145,False
4675991021109316844,True
1122469668961730651,True
5435687769529841495,False
-3192738320621225892,False
-314206791914003810,False
-5065853991986301204,True
-8493160381884566824,True
2243505474310025533,True
-2885675236549817192,False
-2827074046191838764,True
-8729013609988124316,False
-5094376762550529741,False
6503192695369589591,False
2934576655345287592,False
8500303609484134255,True
-501625765881175933,False
2087294849266904958,True
-8716580287671659790,True
1999326539277382330,False
2526648895035825582,False
-2885759238506223322,True
7529347060346490062,False
-1130342532432846573,False
-7367898218540279322,False
8455063033651049148,False
1127641722261116684,False
-5063921853062756690,True
-5404301051950386565,False
-3594419205640977341,True
-949949522756022133,True
5771211243749141732,False
285581602312627118,False
-2199909170306128375,True
-2237665847946478475,True
-4902367209171022656,True
5053661942036440304,True
-4592162995847070173,True
-9163683652741010526,False
-5128813454086329763,True
5908663454328778926,True
1664290603503316732,True
7477576538354743374,True
5591397761986732208,True
-9109046130414324787,False
-4535117248717973146,True
-7674425205860553906,True
-7275327778790560740,False
4806645692179700564,True
-120421432512838303,True
-2194345643137842591,False
-4241067396257342010,True
-4513691766467797788,False
-8730527275393512269,True
5356501103190350693,True
1433657560386214424,True
-2748273409551744934,True
5522811735007752917,True
-5605249334955521959,True
3494823146660957428,False
-4768519498983503966,True
-7322672468975092627,True
6876348630601301024,True
-651732913033154453,True
890854470419300574,True
5484032655454377240,True
-5733460351808082429,True
-6123508801056211962,True
-2252973963703763765,True
-5044292172075137244,False
6155835814951717104,True
-3087225113172064273,True
-8071165659847474020,False
7024067917015058416,True
5466585521901486422,False
-122019122283240767,True
5301060476973594537,False
-2653667665148915309,True
855944298600190168,True
-2176375865217449499,False
-4384912757793319605,False
1983316956166188302,False
7394177365290834588,False
-1251475874423041699,True
5170508179080748525,False
-3168335745543657897,True
-6842102812381385068,False
3683275281158502822,True
-2497812085495405055,False
-5440537517801243138,False
6208638806576677459,False
-8252236047269638834,True
4199366588059062425,True
-3990749535112032305,False
4594094608868784841,False
-7668027143789763118,True
8743779476805624823,True
-1854100902697368080,False
-234395196303434440,True
-4480477622756742799,True
-4973127608514425214,False
-1478761964425112271,False
441910243193611234,False
8389842382118373939,True
8784598844722313792,True
3344382662906689850,False
6328640524464531886,True
-4543648226833762889,True
8678477373806958035,False
-4792709909215740896,True
-7455553699954071958,True
8663096750937169725,True
-3910668492882258077,True
2191878429768694119,True
-6259694360525286447,True
-6688611075349450170,True
-7618603040542369902,True
1885338485593921463,True
5104573019135071616,True
-6936876501173089968,True
3969996174591588196,True
529202110478725521,False
-3129796000379670612,True
-5014757776229252592,True
1875729784702684261,False
2591424909704071209,False
17231362834719808,True
587206545811578613,True
-7632010538246812348,False
-3408001828132574862,False
8599742874621571695,True
-2330935404615020980,True
5132746496933578417,True
5080636346890646677,True
5973206415129246352,True
-2223067110074017393,True
2483581667918614733,True
3869622359626350802,True
5453998429081930532,True
-498120499384814267,True
494625253868740085,False
-7538647042681546206,True
3068348154624813315,False
-1634741634356551765,True
793117107828364473,False
4407621491285100432,True
5414187578107287228,False
-4805538809623364948,False
4966265709204416918,False
-6560456415287060441,True
-582833338347653815,True
439372926789246841,True
4811342549236900217,True
-1163276749352226378,True
3253268933360683257,True
-4131175209919349849,False
1878910809766069868,True
-8373931390994642343,False
6469921884389044595,True
7669851043458317674,True
5201816399947836454,True
-8863285733546980937,True
-5252450723016486320,True
-3982364314442847152,True
2016718760377808314,True
3874968227921835754,False
-2706089952720287101,True
-4270198365281309115,True
878846253165948975,False
-5412244625901974564,True
-7412893761565609744,True
3819181116623812137,True
6679233770656869630,True
-4797952890056877746,True
5801673637021785960,True
7990694535740599328,True
5050990071057709772,True
8395580989586754056,True
1690166846791302269,False
-234406070146853333,True
3358490157302936330,True
-7356450125443346205,True
-1055507849496697425,False
5288332212681138057,False
7485744963106163100,True
-7134665594536329909,False
-7143564862335719226,True
1699672485843155005,True
-8840425857398296604,True
2151976315441285519,False
-3052107338516531713,False
7599340574688486962,False
-8654066170347450002,True
8460683739654371132,True
2456116095557115848,False
-317152485461098392,False
296924391707253378,False
-8180068698100025462,True
7113702859508541908,True
5618303954333284483,True
3083159953823476770,True
-3770281638527640117,False
-1447184076954618674,False
2396487749124292152,True
7166377460091725005,True
-6139714204848446321,True
-2450686098583562989,True
-3100935710402723232,False
-6388485806777024094,True
1734000603036550555,False
-4120759170944516141,False
-6573145158446507890,True
6379088311480629237,True
7462821043141907242,False
-8627570963222893344,True
-41763455043801126,True
-7365072620882145259,True
-1256767422967832065,True
3353505900521356496,True
-5424851265718183111,True
665127613546348463,False
217845765003789345,True
2892408925350033878,True
-4405935041525682029,True
8209279007547468890,False
-731765302007010503,True
8357579007016520789,False
3251406413939291527,True
274492842991701958,True
-1256743570445001450,True
1699662249199058084,True
-3049472259563783625,True
-5526437481820599911,True
6327727249623883003,True
-4144528324428414545,False
-7654045225118036054,True
-8320773421989662612,False
-5808068400237824316,False
-115872517785527149,False
3732350784713213172,True
-9129571701110988196,False
-8124473572669969769,False
3149413012044917350,True
8584935161856855933,False
8781258137473186738,True
3024125296079670043,True
3813887480653549894,True
6953139321221137945,True
4920833565087981912,False
-3259633126707153468,False
-6137019418127929213,True
5767593578047694564,True
5413017044844826766,False
8271470565375770730,True
8680809886860123982,False
4480916693087168167,True
5538045165541863572,True
-162863755845924265,False
-2171592944719976129,True
4143246868338050414,True
8354940663992138956,True
3854514163836437304,False
-5643395484472598920,True
7278730884951122248,True
8089029674552112082,False
713595741875429230,True
2224383048800480638,False
5116628296468112265,True
-2696784643561673873,True
5664994147202667461,True
-1974689268813365933,False
-245312277321125308,False
6146491727676099562,False
-3887867764442625876,True
3188414542816812444,False
-5583536325478080485,True
3907498263220080748,True
4755082935106264522,False
-3992206209315525273,True
5111468650868968798,False
2570111536660016250,False
1915466333115264888,False
4921945038601628059,False
7550810943622014286,True
-992949733381462757,True
-3039686416573151700,False
1799014144604107305,True
6749615174568845787,True
4311465133014987489,True
4723425988579617346,False
-1190456896552643001,True
-181927029871460034,False
7815615869387504321,False
6264087475423569619,False
845136947988659429,True
-2896736830402638252,True
-4821638134381148343,True
-5642399813696123048,False
-7287274237452329617,True
3129152608474193214,True
2516992860784014430,True
-4649395569880780399,True
-3718975923450187211,False
7857496233837718249,True
7055681636498550038,True
1649732802827972568,False
6005999403400634645,False
3731842412664490419,True
-6763537187790419777,False
-3344205684722542780,True
8095127092147066993,False
3954680394824506349,False
-6161667359176983204,False
-6301460103253945664,True
5398280933060100373,True
7416356811469583854,True
4906787660170312078,True
-7084600082107558867,False
-2937112162265697002,True
4237523993110856179,True
7584939514542144520,True
3251991863454045892,True
7918192381938674745,True
-1870948341110235923,True
-6625927567229617533,True
-1237613676039383776,False
-4303944299956845257,True
6430591700044821218,False
-4028427935277680752,True
-5809396512343090634,True
5535279613044236508,False
2952464115775004382,True
-3246274781482690550,True
7523276269038461629,True
1834269613434374286,False
4437328964094147826,True
-4744858148594637729,True
4006980069942339914,True
8117819636205094320,False
2321617517126417647,True
3174605711572480140,False
3261502783879248746,False
-6210306447087433691,True
4582938010579551055,False
-6785750983539372851,True
-5364309865510225959,True
-9209852714118632212,True
8917345051577072245,True
5538957625133359551,True
517821156891491932,False
7864196704193522165,False
-9097055314992542821,True
-2385488324371553958,False
-1387519965465776204,True
8752272670614371280,True
-666568094441034926,False
1535658007485354785,True
-4611433808926412805,False
-4947470927406036191,False
-3281861731729552448,True
-2203476551401056119,True
-7356886127217876591,True
-8922806931381621808,True
-4666893948462593862,False
-7360839214336978804,True
-8310965074344238034,False
6713873877566077464,True
-1323489206796723482,True
4064976448224944060,False
6639815546893706006,False
-687994786953978149,True
4728767918993039897,True
-7262775221431345410,True
-8657444718876302694,False
1463390226141298830,True
5746021728815687112,False
-6182450292931700664,True
-2867219572951793901,True
7489994147197472644,True
-8301040288917499015,True
464697009234727704,False
-4595036995712814791,False
-1687135405517930588,False
111637500273757820,True
-1758594464086417952,False
8641321923007752470,True
-4538974940881638353,True
-3200847120036996247,True
7676547478648061714,False
-3112936387930555771,True
2131265083765987153,True
-933016854857125568,True
-2403974435592729580,False
4860055171006016127,False
7422598951125566993,True
-3634195505202620330,False
-2692263605378662543,False
8285260835902104927,True
-3012096491867685150,False
4895320125384801652,True
-5162430245179378076,True
6621427239172005328,True
561989493543516665,True
-1913359354781730267,True
-6061098898914027866,True
-3753097470597174916,True
2067489045544814110,True
7168095787892801127,True
-7352478049569292409,True
-795586385884246560,True
4594569760364578905,False
-2218909325148812731,True
2437444728379471631,False
-7488830177797569054,True
5574867998687369021,True
-3308442039721526056,False
-6430820962856159622,False
1805543202073648411,True
-1427500982673699608,True
6088495021254462147,True
-6841812428788813139,False
-173087415750126866,True
-8966090529064791857,False
-9111401206078276659,True
-5525394172591716430,True
-2533421980867267378,False
5085454033807240687,False
5163439250660039420,True
6138896074546023927,False
1986013582524694856,False
544827799291122918,True
4679782470644292688,True
7695301073221634139,False
-2811091401730929224,True
-1251218711773903268,True
3249359746862547057,True
-6446219671545218504,True
-2479663182632860124,True
-296451387970718637,False
4595020573695040558,False
5385767044297875853,True
415563409163258910,True
-6181168666366503240,False
3291586107990413657,False
5423827588856261368,False
3106622706197412928,False
6057948971769940116,True
-1898097347361711964,True
-6390456765485958712,True
-7615382202152295165,True
-1166604751653522456,True
1985562488004987903,True
-3901975049096287196,True
-731257695530906582,True
-1448676765967941883,True
-3989856860115381618,True
-2772718666272994461,True
-1364961967789809927,True
7221386191807730697,True
100565834016800235,False
-9207449040336423768,True
553619230920753764,True
-4940307558733739750,True
7944757662336608266,True
7081102829629803056,False
-4306691424529735790,True
7502245898530701907,True
-8004168129767718764,True
-7058824675882150096,True
5366557212251091174,True
-4443185470678985202,False
7138461566827898724,True
-5248725827644793393,False
8145181692357483937,True
-7601857906609718647,True
-1515675949975242893,True
-2765342570549027682,True
1348615561268691533,False
4895595715015641736,True
1674510229254949355,True
3788130585417585792,True
-5931617296840905178,True
-890134531362798566,True
-2940403247373043184,False
-1630220303996481160,True
-6182493456024536379,True
7261695271432764797,True
812108839625564870,False
1661100257974711920,True
3942463915428937400,True
-2700545736584336677,True
-113563229942377583,True
8463775023867258818,True
6317038349729637310,True
-5014131102205626763,True
-6761686213552911895,True
-6046871554089757348,True
-8342673429970586005,True
759590805239735284,False
